rdichee@adobe.com,Pfeffer LLC,bbeb14f144684b76b5322bdee24f8c76,689-458-7547
rpointn@globo.com,"Smith, Bergnaum and Roberts",50c5899c59314c8b9b67144c751254c0,709-781-7904
clelievre1q@spiegel.de,"Schimmel, Parker and Macejkovic",fc686c92ea674088b447391f63d0df7d,604-476-5045
jkasman1i@histats.com,"Rippin, Renner and Doyle",d6381d64dc0d4dd9897441f99a3a6012,709-461-2991
tappleton2n@delicious.com,"Lindgren, Braun and Breitenberg",5b343fe537ee4f7dbbecc185594ce981,550-880-2114
akelby20@drupal.org,"Gutmann, Sanford and Nader",66ef72c005c64ffa854d3d3b276e84f8,685-868-2667
mlempertz10@yandex.ru,"Ziemann, Mills and Cruickshank",d95756e7df3245f08bc50ad9964e89ba,270-722-7436
avenablesi@salon.com,Kertzmann and Sons,2977191e104d4c7aadee7d1d2ff6d3aa,796-147-7850
hmccurts@vinaora.com,Bode-Turner,4808d5e89fad47ebbe0e7138d3be2204,545-397-1660
alillecrop1u@about.com,Schuster-Klein,edf2a5d79c9546529c2bb4b961a201aa,197-100-5650
selliker1v@ibm.com,Hermann-Murazik,3c128de8de4a42c39127df8c45fd78a8,591-589-7996
jcarvil9@economist.com,Johnston-Borer,c028eb30236e451595b72937ecc8add0,878-878-9296
fthunder1p@webs.com,"Von, Luettgen and Grant",dc5d8da35dff449e92796955576dc797,431-440-3689
itompkinson28@pcworld.com,Skiles LLC,626a3b5430ab455eb6dca00281c49121,464-872-5391
dgurge15@jimdo.com,"Larkin, Hayes and Balistreri",042c7aca516a4697b203dba1fbd41022,143-934-9352
belfordb@yahoo.co.jp,Price-D'Amore,526ee136891a4c8b9f0bc5c7686fe177,931-661-9802
whasnney2b@biblegateway.com,"Cole, Medhurst and Jast",03f2391ab81640d7a81c467b47a2585d,378-191-3537
abartoszek16@reuters.com,"Olson, Krajcik and Streich",f963598a67bb451dbe5bea16de639c49,252-840-6595
adebellis2@mit.edu,Terry-Gibson,4693c762be6f4ae0955a8835af865123,715-882-0425
kbennike0@merriam-webster.com,Cummerata-Harber,f733d4e163f840d2975f54aa50e16c0d,841-908-5360
slittledike1a@dyndns.org,Connelly Inc,562898326a5649cdb13ce3a88983c54f,679-957-7758
tlinebargerh@flickr.com,"Walter, Conn and Maggio",d97f61e627b843b1bc4cd27545e1ec1f,923-767-3647
ubotfield11@state.gov,"Marquardt, Corkery and Kling",3f73e7127a9c41b4a5146a08e474aedc,412-993-5538
sgounel2h@amazon.co.jp,"Brown, Hills and McLaughlin",eb1384ef7c134383ad4ef838e342acd2,187-498-3804
lbaillie1d@mayoclinic.com,Stehr LLC,e13c29ad9b834cab81f2189f1d87ff5f,738-393-2980
jfowle13@amazonaws.com,Daugherty and Sons,44e5527c7bd34aefb709208ce4272ac1,103-665-1797
cdunstony@storify.com,Daniel-Schaden,1e637c95c6074a88babf7f4b3444f178,187-643-3220
sjancaj@wikimedia.org,Lubowitz Group,733bcc9218a74de7a3a1358b3730c906,631-801-2548
bloughney1m@storify.com,Mohr-Cassin,592572ec48ed478bb1a007ef5520b314,670-379-8642
kjurczak1z@liveinternet.ru,Cole LLC,784aa126a192426998f7bca47c9edf92,267-916-0052
bcolliberq@alexa.com,Wehner Group,6acc89672faf4822af05ac86975b8bd1,845-972-7784
msporlew@unicef.org,"Emard, Romaguera and Witting",0ef3a25377d84dda9deede63aaf49b18,768-552-4180
nbarrar2g@technorati.com,Daniel Inc,12132c3f3f7b48cd8dd42d94b807d68b,764-270-6381
jharse2o@tripod.com,Lehner-Lemke,c3cd916639734f2b9bc44018ae4b03e2,172-282-3602
vfoynes2r@house.gov,"Bruen, Ortiz and Effertz",14e912916b7b4beca9b985771855c337,793-639-1316
pranscome2j@newyorker.com,"Conn, Pagac and Christiansen",73fedf9d9143482c8fdaa664a7d5cd90,548-298-0091
jbraidr@tumblr.com,Nitzsche-Kautzer,da92323b792e4714b7087bff259e717f,247-785-6859
gpaniman1w@yellowpages.com,"Crona, Botsford and Ruecker",58f4f9d118a0462b98e94b1698f9f120,879-761-5026
bwaterdrinker1l@state.tx.us,Von Inc,75dc184b3a7147419900c4c0de632622,759-304-0200
rnelissen2c@techcrunch.com,Mitchell Group,f265645de5dd4e17be16504ae0ac37f9,719-741-4037
vchallin8@issuu.com,Parisian Group,6c91d772c9b44c7a88685fc91e1f0d8c,132-309-2412
omcevilly12@xing.com,Hilll Inc,4c939ffb89cc45938ad485943e295366,960-334-4211
dthompsett24@domainmarket.com,Koss and Sons,e9550894fe864509b562235a911591b1,103-539-1061
ppellettt@linkedin.com,Hoppe Inc,1c359dd84c8144a98adba059bb4af14f,326-718-3940
msomersetz@opera.com,Harvey Inc,28e98f2570fa465f9f74f1fc84d2bcc7,551-487-7816
swaiton2k@sourceforge.net,Veum Group,988b816bb54b4e9790327aa23326d563,502-299-8273
gdelahayea@hud.gov,Gerhold and Sons,2b7796fd446f4edda22702e98bd0702e,117-876-0318
gorrillx@apple.com,"Bode, Boyer and Glover",99aefb617b67445f928367d420ff7089,629-814-6324
fchiesek@360.cn,"Thompson, Zboncak and Kunze",86c50391b8fb42a99702667debd0889f,638-225-5082
jgiffonf@github.io,"Wolf, Lowe and Klein",abba505574904efab5ce40c5c94bb199,664-395-1406
bmathy7@discovery.com,Emmerich LLC,c1ebf0f36e3e434ba7a7e854f5c24ce7,501-289-7945
belsmor2l@epa.gov,"Huels, McDermott and Jakubowski",3aca686876124b98aaa92ddf72ce34a3,776-256-9429
vsteers27@seesaa.net,Jacobs-Ebert,4caea75f916445809814ddc114afc3ce,255-334-9563
swrenn2e@rakuten.co.jp,"VonRueden, Ruecker and Pfeffer",42eb1b371f184b008d5dc9032a6ef33f,600-257-3143
aduigenan6@alibaba.com,Walker Inc,8e718e62b3a54d348758d5332e212adb,582-654-4456
rfriary2d@phoca.cz,Stehr-Dickens,2003ea724d2c4c36a3448e522f7becfe,302-493-8253
lgilcriest17@mapy.cz,Schaden-Kling,4fdc3c7407244758be8861e17dbe6a9f,823-896-2717
ebogace2p@ibm.com,Gaylord-Hintz,83ea800000804fb68df6d9e2d5878999,713-412-9877
espincksd@wunderground.com,Gusikowski-Lubowitz,3b5d37114e2a4710943bd519e5017b2a,718-292-3261
cchatteris1r@usgs.gov,Kessler Group,36fe7e192e244b82a4cf91e62fcacd46,828-173-8232
kcallinan29@ftc.gov,"Hammes, Harvey and Jones",cb6ac062f0be4e77ac15075d0acd08f2,404-297-3751
kpatrono1o@eepurl.com,Ziemann-Johnson,d112dc42b0874247ae7730aa93512fa5,559-888-1299
spolglaseo@amazon.co.uk,Daugherty Inc,c302ea5284cb4d1baf1f07ef20f9b561,659-587-0998
tthewysu@php.net,"Bednar, Hilll and Casper",33f2bb08231347d790bad69e6df5c477,631-500-9149
mmeo22@goo.gl,Durgan and Sons,d28f4c7f8cff4dafa0e0edbf4a2b3a24,132-670-0578
matyeo1@vk.com,"Barton, Gutkowski and Blick",71c9e358e26e407e814d0b4d9c61dc28,126-717-9441
fwinchester4@purevolume.com,Parisian-Anderson,da0e67dd98d84e09a7e5686447c5d416,380-925-5298
smennelll@globo.com,"Casper, Bode and Littel",eeb3c3381ecf4d2a952cf8765ae90106,506-762-7236
hbuckel1g@amazon.co.jp,Schumm Group,478fd83f2e704e308443c24d598eba2e,863-297-7407
aadriaens1e@psu.edu,Hane-Muller,61dffe0e5ee54891832081e68246448d,869-759-7405
vbaxandall1t@ustream.tv,Kertzmann and Sons,e066913110c84faeaae8cfeea1dc2299,956-886-6093
dbaldoni1s@bloglovin.com,Walsh LLC,3c3c429a964241ce934270d61b3e81dd,347-694-3874
ggrigoli1k@webmd.com,Roberts-Mann,66eba77e89f447208e6a7680836fc233,737-874-3881
rstorrock1b@drupal.org,Kilback-Fahey,73d1dfc9044341b788374521302a187f,166-553-6666
kalexandrescu5@mysql.com,Gorczany-Hayes,32ff2d0f864c4b1288213ce70990f2ee,862-864-6039
cwanden2i@mayoclinic.com,"Lubowitz, Yost and Hyatt",3bf40c89789c4a8fa671fb36e26c7182,422-595-4584
jmaile26@unesco.org,Veum Group,b59244487d5248439ce5d140b65fa87c,541-291-0693
mmaccumeskey23@timesonline.co.uk,Nienow LLC,ab3337f2e1ae45858c92bb19680979ab,457-740-6968
lludlamme1x@tinypic.com,Reinger and Sons,a0d98bcfbcaf4510b58e41a63d3e71e3,295-439-3891
madamkiewicz1n@wikipedia.org,Crooks-Ziemann,c09fdb17e0144677aad1009d20437341,370-530-5404
ezoppie1f@dyndns.org,Corkery LLC,ebd88fb79a5f406190b869684440695a,705-603-6808
tgeydon2m@geocities.com,Walsh-Bernhard,7a5526a516a04ccf878c34e10b868b26,595-529-4219
tcarnegie2q@ucoz.ru,"Vandervort, Ledner and Rowe",6c7cdab4aef04686a81138191a81c46d,473-939-8964
isharram21@blog.com,Ullrich-Auer,bcf7987d60f94bbf9c9e7ed46158f634,173-407-3316
amarzelli3@purevolume.com,Wiegand-Stark,afcbd5ff00474fce8cd9e22cef79e342,652-167-2072
sledes1j@icq.com,Lemke Inc,7c2a36d3095e4f52a2c597a5e9b82c14,242-310-0139
mpfiffer1c@about.me,"Nienow, Kilback and Ledner",16752b9f486241829167f7caea85f492,673-189-9596
mjohnstonev@posterous.com,Armstrong-Balistreri,467fc70b07c44e69949b658b0bf17319,236-438-8308
wpautard19@hugedomains.com,Ebert-Wehner,4fbe3dae3aff4886b14b53106bd66496,300-393-4453
qsearl2f@trellian.com,Kemmer-Purdy,ecc189b4ce484f97bf7763f8c579f213,262-969-4226
dsaltsberger14@wunderground.com,Weber-Mills,ae8fe6259c3b43bd98df897eed5772c8,727-660-7336
ainglissc@github.com,Windler Group,d7f1b2912bc9480dbe2a21c022fd98fc,965-478-4933
kwhiley1h@nymag.com,Kertzmann and Sons,c198c63efb0b4253904e51a843144607,794-874-7810
lokill25@answers.com,"Gaylord, Klocko and Waelchi",9e48b26a84364e0b943ba785575727f8,761-893-4943
mdepietrim@list-manage.com,Murphy-Little,ed52e99b79ea40e48c844cff79d3f72b,242-909-9418
hnoel2a@bloglines.com,Okuneva and Sons,78fc1fb45b6c42e1af9ca4204317e782,109-290-9530
asheppardg@google.nl,Tromp LLC,8c173a9f698e424b8a8ba73235eab988,277-721-3878
sgreensmith18@vkontakte.ru,Bashirian-Wintheiser,2076b3fae0cb4c379263e03d6ed6e55b,344-827-7647
tbuncomp@stumbleupon.com,Jacobs-Sanford,75f889d049ef49a5a4b3566ded40f709,959-727-6948
vudden1y@phoca.cz,Langosh Group,4203ed1663d04646ae756e20e1acc1ad,529-772-9161
